crop,n
maize,43500
groundnut (peanut),15437
sorghum,13340
bean,12767
cassava,12742
pumpkin (leave),9884
pigeon pea,8797
millet,7984
sweet potato,7814
mango,7617
cowpea,5846
rice,5744
banana (food),5412
soybean,4293
coffee,4157
banana,3876
teff,3088
corn,2987
tobacco,2792
other,2333
finger millet,2299
enset,2281
cotton,2246
wheat,2148
barley,2054
tomato,1913
avocado,1865
horse bean,1752
kale,1657
potato (irish),1644
chat,1549
pumpkin,1458
sesame,1387
field pea,1296
sugarcane,1289
haricot bean,1279
cassava (old),1245
okro,1224
millet (maiwa),1193
guava,1166
yam,1158
simsim,1107
sorghum (guinea corn),1098
gesho,1093
pepper (red),1079
godere,1069
sunflower,1044
guinea corn (sorghum),1037
orange,1000
pea,976
onion,969
chinese cabbage,902
garlic,885
yam (white),862
papaya,744
bambara groundnut,712
red kidney bean,664
potato,658
papaya (pawpaw)/papaya,641
pepper (green),620
other (root c),571
chick pea,551
nueg,550
cocoyam,540
banana (beer),513
lineseed,500
banana (sweet),498
rape seed,493
cabbage,491
millet (pearl),475
papaya (pawpaw),445
fonio,444
lemon,434
other (fruits),421
lentil,401
sorrel,400
coffee (arabica),350
fenugreek,338
sesame (beeni-seed),330
rue,321
yam (water),319
peach,314
oil palm,312
other (spices),311
vetch,305
masau,281
cocoa,263
apples (mexican) [masuku],253
coffee (robusta),241
masuku,239
ground bean,199
beer root,194
other (vegetables),191
pineapples,180
ginger,159
pepper (chilli),155
pepper,152
sacred basil,141
yam (three leaved),137
other (land),133
cardamon,130
kolanut,130
naartje (tangerine),127
tangerine,124
melon,120
pepper (small/ rodo),113
poza (custard apples),110
coriander,109
eggplant,105
melon (egusi),103
oat,99
jackfruit,98
carrot,93
watermelon,93
mung bean (masho),91
kazmir,86
green vegetable,80
other (pulses),77
blue gum (eucalyptus globus),76
gishita,76
acacia,75
spinach,72
cucumber,71
gibto,70
pepper (bell),68
tea,68
cashew nut,66
zucchini,60
pumpkin (seed),59
tumeric,56
apples (mexican),53
yam (yellow),52
groundnut (shelled),51
lettuce,50
pakhomo,50
cactus,49
pear,49
garden egg,47
apples,46
grazing land,44
other (cereals),44
cauliflower,41
mpoza,41
green sorrel,40
passion fruit,39
paprika,38
vanilla,37
poza (custard apple),35
agbono (oro seed),34
papaya (pawpaw)s,33
coconut,29
temporary gr,29
shiferaw,28
acha,27
black cumin,24
citron,23
dodo,23
pepper (sweet/ bell/ tatashe),23
pawpaw,22
pepper (chilli/ shombo),20
other (oil seed),18
zobo,18
mandarin,17
white cumin,17
groundnut (unshelled),16
paddy (unshelled rice),15
mapoza,14
naartje,14
other (cash crop),14
tiger nut,14
cassava (sauti),13
malaina,13
chinangwa,12
dah,12
mandalena,12
roman,12
fennel,11
maize (unshelled/ cob),11
calabash,10
cassava (masungazungu),9
maize (shelled/ grain),9
beet,8
eggplant (jaxatu),8
melon (unshelled),8
red sorrel,8
thochi,8
topetope,8
celery,7
mabulosi,7
malambe,7
amboshika,6
cassava (mbundumale),6
cassava (mpapa),6
granadilla,6
mexican apple,6
musekese,6
taro,6
bamboo,5
bwemba,5
fuel wood tree,5
kumunda,5
magwafa,5
oil bean,5
pichesi,5
pumpkin (fruit),5
sendeleya,5
sweet pea,5
baobab,4
cassava (research),4
kadale,4
letus,4
macadamia,4
mandarin (tangerine),4
mapapaya,4
mipoza,4
mphakasa,4
msangu,4
mthethe,4
mulberries,4
palm oil,4
parsley,4
amaranth,3
banana (zambia),3
chammwamba,3
fungu,3
glylicidia,3
green bean,3
india,3
jeke food,3
mandimu,3
manyokola,3
mapeyala,3
mbimbe,3
mint,3
"mix (mango, guava)",3
mkhuthe,3
mvunguti,3
nsangu,3
sanga,3
strawberry,3
timiz kimem,3
walnut,3
apples (mexican) (masuku),2
banana (halale),2
calcius,2
cassava (bladful),2
cassava (bwendu),2
chembe mwana,2
chilengedwe,2
cinnamon,2
cotton (seed),2
cowpea (fodder),2
fruit,2
grapefruit,2
kachere,2
kumagombe,2
kuphiri,2
lokoti,2
lukina,2
maize (english),2
malambes,2
mango (maboloma),2
masimbi,2
matowo,2
mbale,2
mbawa,2
"mix (cassava, maize)",2
"mix (mango, banana)",2
"mix (mango, pakhomo)",2
mlambe,2
mmango,2
msekese,2
nthochi,2
pepper (sweet),2
peyala,2
pine,2
pineapple,2
plum,2
savory,2
sisol,2
abiti,1
acacia kachere,1
albizia lebeck,1
alexia lebeck,1
apples (mexican) masuku,1
apricot,1
balaka,1
banana (india),1
banana (kaluma),1
banana (kenya),1
banana (zanzabar),1
baw baw fruit,1
bitter kola,1
blackberry,1
cassava (bitilisi),1
cassava (gomani),1
cassava (kombezi),1
cassava (lembwendu),1
cassava (mkondezi),1
cassava (mkondezi) for tg02,1
cassava (mtutumusi),1
cassava (nkondezi),1
cassava (thupula),1
cassius,1
castor bean,1
chembe dodo,1
chilengedwe 2,1
chinangwa cha ku mtunda,1
chinangwa cha pakhomo,1
chisale,1
chitimbe,1
clover,1
cocoa (pod),1
coffee (gesha),1
cot,1
dates,1
dwelling tree,1
eucalyptus,1
feto,1
gagadeya,1
glue tree,1
gonafant,1
grapes,1
jakaranda,1
jambula,1
kalama tree,1
kalisere,1
kamwamadzi,1
kantchidwi tree,1
kasuku,1
kesha,1
kolanut (unshelled),1
kudimba,1
kumtsinje,1
kumusi,1
lakudambo,1
leek,1
lguava pakhomo,1
lichesi,1
lime,1
luzi,1
m'banga,1
magagadeya,1
magalagadeya,1
magombo,1
majambula,1
malalanje,1
malben (mabulosi),1
mandena,1
mango (angono),1
mango (kalisela),1
mango (local),1
mango (mango a ku munda wakumtunda),1
manthunya (wild fruits),1
manyokkola,1
maples,1
masuku (apples (mexican)),1
masuku apples (mexican),1
matchire,1
matsuku,1
matubeni or mulberries,1
maula,1
mauringa(chammwamba),1
mazobala,1
mbembwa,1
mbwemba,1
mexcan apples,1
"mix (acacia, mango, malaina, mpoza)",1
"mix (acacia, ntawa)",1
"mix (coffee, avocado, blue gum, banana, peache, papaya, tangerine)",1
"mix (coffee, banana)",1
"mix (mango ,blue gum, guava)",1
"mix (mango, avocado)",1
"mix (mango, naartje)",1
"mix (mango, naphini)",1
"mix (masuku, avocado)",1
mizimbe,1
mkhobo,1
mmunda (fruit),1
mnyowe,1
molinga,1
mombo,1
moringa,1
moringa (chammwamba),1
mpapa,1
mphambuzi,1
mpundu tree,1
msewa tree,1
mtengo wa msangu,1
mthuthu,1
mtsanya,1
muimbi tree,1
mulambe,1
munda wa coffee,1
munda wa ku buyo,1
munda wa ku kande,1
munda wa ku mchenga,1
munda wa ku ndomu,1
munda wa ku nena,1
munda wapakhomo,1
munda waukulu,1
mustard,1
mwimbi,1
naarts,1
nanazi,1
nanches,1
naphini,1
napini,1
nimu,1
nirmo,1
njaya,1
nkhobo,1
nsewa tree,1
nsinda,1
nthethe,1
nyowe tree,1
nzimbe,1
orangenuts,1
palm,1
palm fruit,1
palm kernel,1
palm oil tree,1
palm trees,1
pansungwi,1
papaya (pawpaw) (papaya),1
papaya (pawpaw) /papaya,1
papaya (pawpaw). tree,1
peneza,1
pepper (black),1
pepper (small),1
pitches,1
rifuliza,1
rockot,1
rubber,1
sang'aza,1
soya,1
tea (tree),1
tea and pineapples,1
thombozi,1
tomato fruit,1
tsamba,1
unthopa,1
wamayawo,1
waukulu kuphiri,1
woody tree,1
